"Airport","Spread"
"LNY","0.8700000000000045"
"PLN","336.96"
"SPN","0.92999999999995"
"HYA","0.8500000000000227"
"RFD","0.8500000000000227"
"ANI","0.9500000000000455"
